{
  "name": "Celesta",
  "gm_number": 9,
  "description": "Approximate PeriodicWave data...",
  "real": [
    0.0,
    0.1017167957225341,
    0.0,
    0.06334888420001993,
    0.0,
    0.0,
    0.15589573853211805,
    0.0,
    0.0,
    0.0,
    0.0,
    0.0,
    0.0,
    0.0,
    0.0,
    0.0,
    0.0,
    0.0,
    0.0,
    0.0,
    0.0,
    0.0,
    0.0,
    0.0,
    0.0,
    0.0,
    0.0,
    0.0,
    0.0,
    0.0,
    0.0,
    0.0
  ],
  "imag": [
    0.0,
    0.9948133963050257,
    0.0,
    0.49597068347898593,
    0.0,
    0.0,
    0.19543929673309174,
    0.0,
    0.0,
    0.0,
    0.0,
    0.0,
    0.0,
    0.0,
    0.0,
    0.0,
    0.0,
    0.0,
    0.0,
    0.0,
    0.0,
    0.0,
    0.0,
    0.0,
    0.0,
    0.0,
    0.0,
    0.0,
    0.0,
    0.0,
    0.0,
    0.0
  ]
}