{
  "name": "Glockenspiel",
  "gm_number": 10,
  "description": "Approximate PeriodicWave data...",
  "real": [
    0.0,
    0.29201361428064726,
    0.0,
    0.0,
    0.13559771395269252,
    0.0,
    0.0,
    0.3598469135650692,
    0.0,
    0.0,
    0.0,
    0.0,
    0.0007181458051578359,
    0.0,
    0.0,
    0.0,
    0.0,
    0.0,
    0.0,
    0.0,
    0.0,
    0.0,
    0.0,
    0.0,
    0.0,
    0.0,
    0.0,
    0.0,
    0.0,
    0.0,
    0.0,
    0.0
  ],
  "imag": [
    0.0,
    0.9564141618957518,
    0.0,
    0.0,
    0.5844769114095131,
    0.0,
    0.0,
    0.010497561511779682,
    0.0,
    0.0,
    0.0,
    0.0,
    0.2159988061693919,
    0.0,
    0.0,
    0.0,
    0.0,
    0.0,
    0.0,
    0.0,
    0.0,
    0.0,
    0.0,
    0.0,
    0.0,
    0.0,
    0.0,
    0.0,
    0.0,
    0.0,
    0.0,
    0.0
  ]
}