{
  "name": "Music Box",
  "gm_number": 11,
  "description": "Approximate PeriodicWave data...",
  "real": [
    0.0,
    0.6527105677625141,
    0.0,
    0.34178069659942123,
    0.0,
    0.0,
    0.2458745471632617,
    0.0,
    0.0,
    0.0,
    0.0,
    0.0,
    0.0,
    0.0,
    0.0,
    0.0,
    0.0,
    0.0,
    0.0,
    0.0,
    0.0,
    0.0,
    0.0,
    0.0,
    0.0,
    0.0,
    0.0,
    0.0,
    0.0,
    0.0,
    0.0,
    0.0
  ],
  "imag": [
    0.0,
    0.7576073618512009,
    0.0,
    0.3649465103710602,
    0.0,
    0.0,
    0.0452294932235703,
    0.0,
    0.0,
    0.0,
    0.0,
    0.0,
    0.0,
    0.0,
    0.0,
    0.0,
    0.0,
    0.0,
    0.0,
    0.0,
    0.0,
    0.0,
    0.0,
    0.0,
    0.0,
    0.0,
    0.0,
    0.0,
    0.0,
    0.0,
    0.0,
    0.0
  ]
}