{
  "name": "Vibraphone",
  "gm_number": 12,
  "description": "Approximate PeriodicWave data...",
  "real": [
    0.0,
    0.7654795220339974,
    0.0,
    0.19430716512799018,
    0.0,
    0.0,
    0.15917324374939093,
    0.0,
    0.0,
    0.0,
    0.0,
    0.0,
    0.0,
    0.0,
    0.0,
    0.0,
    0.0,
    0.0,
    0.0,
    0.0,
    0.0,
    0.0,
    0.0,
    0.0,
    0.0,
    0.0,
    0.0,
    0.0,
    0.0,
    0.0,
    0.0,
    0.0
  ],
  "imag": [
    0.0,
    0.6434602562292429,
    0.0,
    0.34963513207331437,
    0.0,
    0.0,
    0.016244336683810454,
    0.0,
    0.0,
    0.0,
    0.0,
    0.0,
    0.0,
    0.0,
    0.0,
    0.0,
    0.0,
    0.0,
    0.0,
    0.0,
    0.0,
    0.0,
    0.0,
    0.0,
    0.0,
    0.0,
    0.0,
    0.0,
    0.0,
    0.0,
    0.0,
    0.0
  ]
}