{
  "name": "Xylophone",
  "gm_number": 14,
  "description": "Approximate PeriodicWave data...",
  "real": [
    0.0,
    0.9988009511484746,
    0.0,
    0.0,
    0.3644533669925196,
    0.0,
    0.0,
    0.21211024141446186,
    0.0,
    0.0,
    0.0,
    0.0,
    0.18521415022218768,
    0.0,
    0.0,
    0.0,
    0.0,
    0.0,
    0.0,
    0.0,
    0.0,
    0.0,
    0.0,
    0.0,
    0.0,
    0.0,
    0.0,
    0.0,
    0.0,
    0.0,
    0.0,
    0.0
  ],
  "imag": [
    0.0,
    0.04895569410091703,
    0.0,
    0.0,
    0.4766274680374766,
    0.0,
    0.0,
    0.2908766843304886,
    0.0,
    0.0,
    0.0,
    0.0,
    0.11113828574111127,
    0.0,
    0.0,
    0.0,
    0.0,
    0.0,
    0.0,
    0.0,
    0.0,
    0.0,
    0.0,
    0.0,
    0.0,
    0.0,
    0.0,
    0.0,
    0.0,
    0.0,
    0.0,
    0.0
  ]
}