{
  "name": "Tubular Bells",
  "gm_number": 15,
  "description": "Approximate PeriodicWave data...",
  "real": [
    0.0,
    0.9921429674570166,
    0.2856394989510379,
    0.0,
    0.48662601366531083,
    0.06532685264321865,
    0.0,
    0.04584843297260312,
    0.0,
    0.06022253307462455,
    0.0,
    0.0,
    0.0,
    0.0,
    0.0,
    0.0,
    0.0,
    0.0,
    0.0,
    0.0,
    0.0,
    0.0,
    0.0,
    0.0,
    0.0,
    0.0,
    0.0,
    0.0,
    0.0,
    0.0,
    0.0,
    0.0
  ],
  "imag": [
    0.0,
    0.12510928073322639,
    0.6390696962296053,
    0.0,
    0.057403160402617344,
    0.33672155013264465,
    0.0,
    0.2356818431571611,
    0.0,
    0.15691007427847242,
    0.0,
    0.0,
    0.0,
    0.0,
    0.0,
    0.0,
    0.0,
    0.0,
    0.0,
    0.0,
    0.0,
    0.0,
    0.0,
    0.0,
    0.0,
    0.0,
    0.0,
    0.0,
    0.0,
    0.0,
    0.0,
    0.0
  ]
}