{
  "name": "Pad 6 (metallic)",
  "gm_number": 94,
  "description": "Approximate PeriodicWave data...",
  "real": [
    0.0,
    0.8664198542780039,
    0.0,
    0.0,
    0.3301841438343526,
    0.0,
    0.15738574938659672,
    0.0,
    0.0,
    0.0,
    0.09620842110259692,
    0.0,
    0.0,
    0.0,
    0.0,
    0.0,
    0.0,
    0.0,
    0.0,
    0.0,
    0.0,
    0.0,
    0.0,
    0.0,
    0.0,
    0.0,
    0.0,
    0.0,
    0.0,
    0.0,
    0.0,
    0.0
  ],
  "imag": [
    0.0,
    0.4993161684873448,
    0.0,
    0.0,
    0.3754709458272046,
    0.0,
    0.19424141136745113,
    0.0,
    0.0,
    0.0,
    0.0798056370749923,
    0.0,
    0.0,
    0.0,
    0.0,
    0.0,
    0.0,
    0.0,
    0.0,
    0.0,
    0.0,
    0.0,
    0.0,
    0.0,
    0.0,
    0.0,
    0.0,
    0.0,
    0.0,
    0.0,
    0.0,
    0.0
  ]
}