{
  "name": "FX 3 (crystal)",
  "gm_number": 99,
  "description": "Approximate PeriodicWave data...",
  "real": [
    0.0,
    0.20301461036509638,
    0.0,
    0.0,
    0.0,
    0.4528273782037582,
    0.0,
    0.0,
    0.0,
    0.0,
    0.3418972776161459,
    0.0,
    0.0,
    0.0,
    0.0,
    0.1877059109314527,
    0.0,
    0.0,
    0.0,
    0.0,
    0.0,
    0.0,
    0.0,
    0.0,
    0.0,
    0.0,
    0.0,
    0.0,
    0.0,
    0.0,
    0.0,
    0.0
  ],
  "imag": [
    0.0,
    0.9791757084294463,
    0.0,
    0.0,
    0.0,
    0.393633542205324,
    0.0,
    0.0,
    0.0,
    0.0,
    0.11272201008972481,
    0.0,
    0.0,
    0.0,
    0.0,
    0.10687605438728333,
    0.0,
    0.0,
    0.0,
    0.0,
    0.0,
    0.0,
    0.0,
    0.0,
    0.0,
    0.0,
    0.0,
    0.0,
    0.0,
    0.0,
    0.0,
    0.0
  ]
}