{
  "name": "FX 5 (brightness)",
  "gm_number": 101,
  "description": "Approximate PeriodicWave data...",
  "real": [
    0.0,
    0.5627467077044058,
    0.0,
    0.0,
    0.0,
    0.532170177330684,
    0.0,
    0.0,
    0.0,
    0.0,
    0.34678708288356824,
    0.0,
    0.0,
    0.0,
    0.0,
    0.1826240343577647,
    0.0,
    0.0,
    0.0,
    0.0,
    0.0,
    0.0,
    0.0,
    0.0,
    0.0,
    0.0,
    0.0,
    0.0,
    0.0,
    0.0,
    0.0,
    0.0
  ],
  "imag": [
    0.0,
    0.8266293867071579,
    0.0,
    0.0,
    0.0,
    0.27711893179613045,
    0.0,
    0.0,
    0.0,
    0.0,
    0.09663704851197169,
    0.0,
    0.0,
    0.0,
    0.0,
    0.1153449698725262,
    0.0,
    0.0,
    0.0,
    0.0,
    0.0,
    0.0,
    0.0,
    0.0,
    0.0,
    0.0,
    0.0,
    0.0,
    0.0,
    0.0,
    0.0,
    0.0
  ]
}