{
  "name": "Kalimba",
  "gm_number": 109,
  "description": "Approximate PeriodicWave data...",
  "real": [
    0.0,
    0.7036631517373235,
    0.0,
    0.0,
    0.01295394884200584,
    0.0,
    0.11992500344873919,
    0.0,
    0.0,
    0.0,
    0.0,
    0.0,
    0.0,
    0.0,
    0.0,
    0.0,
    0.0,
    0.0,
    0.0,
    0.0,
    0.0,
    0.0,
    0.0,
    0.0,
    0.0,
    0.0,
    0.0,
    0.0,
    0.0,
    0.0,
    0.0,
    0.0
  ],
  "imag": [
    0.0,
    0.7105337211470659,
    0.0,
    0.0,
    0.49983216704149674,
    0.0,
    0.21935813991694017,
    0.0,
    0.0,
    0.0,
    0.0,
    0.0,
    0.0,
    0.0,
    0.0,
    0.0,
    0.0,
    0.0,
    0.0,
    0.0,
    0.0,
    0.0,
    0.0,
    0.0,
    0.0,
    0.0,
    0.0,
    0.0,
    0.0,
    0.0,
    0.0,
    0.0
  ]
}